baseline_mean,contrast_id,difference,matched_cells,pair_id,pair_keys,random_unit,treatment_mean
0.0,h2_fbd_stability_above_mauve,0.2722337442368862,30,a8e338d076c221fb2e30c0371e1d79956a27b0c19e307da77c6d0679907366a8,"{""seed"": 109}",seed,0.2722337442368862
0.0,h2_fbd_stability_above_mauve,0.27421150700268604,30,88f1945af18c08be8620ae37ab9bcce85deb3b32b687e9074210832890ab681c,"{""seed"": 17}",seed,0.27421150700268604
0.0,h2_fbd_stability_above_mauve,0.20618463838146556,30,a1818a1aaf4f0e936c4506133e228052c2d68bc395f3c113728c10e182156489,"{""seed"": 29}",seed,0.20618463838146556
0.0,h2_fbd_stability_above_mauve,0.24414288749591007,30,5724868dee8f5b49f913f17d2afc503a7d0e6a097fd903ab337825eb50536dd3,"{""seed"": 43}",seed,0.24414288749591007
0.0,h2_fbd_stability_above_mauve,0.22773085671213308,30,1c8ae289c18a873f33c16ba825ecb5f1f8307522369d204b6698df24678921d7,"{""seed"": 59}",seed,0.22773085671213308
0.0,h2_fbd_stability_above_mauve,0.24331082597749304,30,b5cb07f8a32ac209a9b53262ad4cdf867aaaf6c9d13f4e7fc093b5d757483ff3,"{""seed"": 71}",seed,0.24331082597749304
0.0,h2_fbd_stability_above_mauve,0.24020466444799898,30,09d526b833a42804e5e644ae2d52b3c395c0c20d740549db12769d4727282df1,"{""seed"": 83}",seed,0.24020466444799898
0.0,h2_fbd_stability_above_mauve,0.264189878818667,30,41eea6e063ebbe199589a550252613660bd01a8a79e5815205a9b05e1b19e3f3,"{""seed"": 97}",seed,0.264189878818667
0.0,h4_stability_gain_positive,0.11263051703895215,360,391d8a03c01f074939b343d7a66f161919f9f22cd6b173411cbca434a8274855,"{""seed"": 109}",seed,0.11263051703895215
0.0,h4_stability_gain_positive,0.10261620672034369,360,6825bf571cc0fc8a6a98d9256a9fe3410c4164c40e7e78467628f9a93213b1f6,"{""seed"": 17}",seed,0.10261620672034369
0.0,h4_stability_gain_positive,0.10227946551918249,360,647f40f69b74ead88c71cfe1bb0f7efb730c788d78580aa1e984c59bc1e10bc8,"{""seed"": 29}",seed,0.10227946551918249
0.0,h4_stability_gain_positive,0.09838311876459803,360,ffc5f0a8acdf47a337264ba45d19339b5ae5d54e269e60a1b002cc110089d85b,"{""seed"": 43}",seed,0.09838311876459803
0.0,h4_stability_gain_positive,0.09934748628248281,360,81c946cd208b3ecb0e1f1f2801e275b7c4e1d62f4f506b7c48ba7e1b274eb737,"{""seed"": 59}",seed,0.09934748628248281
0.0,h4_stability_gain_positive,0.10298667163763137,360,38d6498d82916b200116ee9a2e877d8102fbd64361c4ad47aee2c88f1897dc27,"{""seed"": 71}",seed,0.10298667163763137
0.0,h4_stability_gain_positive,0.12516800306265313,360,17a07c9cf7b56a532b2d23ed4f247c34b42c95868e37f3c9c86ff71a39ac23f0,"{""seed"": 83}",seed,0.12516800306265313
0.0,h4_stability_gain_positive,0.11126319499462775,360,0cb5800f36488418c8eff5107736fb621f652f7b452a2105dff0d8792f4dad13,"{""seed"": 97}",seed,0.11126319499462775
